Vessel,Fleet,DWT,Hire_Rate,Current_Port,ETD,Cargo_Index,Route,Source,Customer,Commodity,Load_Port,Discharge_Port,Cargo_Quantity_MT,Freight_Rate_USD_PMT,Commission_Pct,Speed_Mode,Ballast_Distance_NM,Laden_Distance_NM,Ballast_Days,Laden_Days,Loading_Days,Discharge_Days,Extra_China_Delay,Total_Voyage_Days,VLSFO_Price_Avg,MGO_Price,Total_VLSFO_MT,Total_MGO_MT,Bunker_Cost_USD,Port_Cost_USD,Total_Voyage_Cost_USD,Gross_Revenue_USD,Commission_USD,Net_Revenue_USD,TCE_USD_per_day,Daily_Profit_USD,Total_Voyage_Profit_USD,Laycan_Feasible,Arrival_At_Load,Risk_Adjusted_Duration_Days,Risk_Adjusted_Fuel_MT,Risk_Adjusted_Bunker_Cost_USD,Demurrage_Cost_USD,Risk_Adjusted_Profit_USD,Total_Risk_Delay_Days,Weather_Delay_Days,Congestion_Delay_Days,Waiting_Days_Risk,Laycan_Breach_Prob
ANN BELL,Cargill,180803,11750.0,Qingdao_China,2026-02-25,0,West Africa – China,Cargill_Committed,EGA,Bauxite,Kamsar_Guinea,Qingdao_China,180000,23.0,1.25,warranted,11614.7,11614.7,33.38,35.85,3.0,3.6,0,75.82,556.0,621.0,4006.3,138.4,2313497.0,0.0,2313497.0,4140000.0,51750.0,4088250.0,23406.0,11656.0,883826.0,True,2026-03-30,91.62,4288.4,2145931.0,0.0,865794.0,15.88,0.74,2.14,13.0,0.0
ANN BELL,Cargill,180803,11750.0,Qingdao_China,2026-02-25,1,Australia – China,Cargill_Committed,BHP,Iron Ore,Port Hedland_Australia,Lianyungang_China,160000,9.0,3.75,warranted,3492.6,3545.5,10.04,10.94,1.0,5.33,0,27.31,567.5,649.0,1227.6,42.0,723875.0,380000.0,1103875.0,1440000.0,54000.0,1386000.0,10330.0,-1420.0,-38796.0,True,2026-03-07,28.85,1386.5,708136.0,0.0,-41078.0,1.55,0.55,0.0,1.0,0.0
ANN BELL,Cargill,180803,11750.0,Qingdao_China,2026-02-25,2,Brazil – China,Cargill_Committed,CSN,Iron Ore,Itaguaí_Brazil,Qingdao_China,180000,22.3,3.75,warranted,11371.0,11371.0,32.68,35.1,0.75,6.0,0,74.52,556.0,621.0,3923.1,135.5,2265425.0,165000.0,2430425.0,4014000.0,150525.0,3863475.0,19230.0,7480.0,557432.0,True,2026-03-29,89.33,4113.8,2058553.0,0.0,590316.0,14.86,0.73,2.13,12.0,0.0
ANN BELL,Cargill,180803,11750.0,Qingdao_China,2026-02-25,3,Australia – China (Iron Ore),Market,Rio Tinto,Iron Ore,Dampier_Australia,Qingdao_China,170000,8.717,3.75,warranted,3331.2,3331.2,9.57,10.28,1.06,5.67,0,26.58,566.5,649.0,1163.6,39.7,684927.0,240000.0,924927.0,1481890.0,55571.0,1426319.0,18861.0,7111.0,189042.0,True,2026-03-06,36.23,1241.2,632805.0,0.0,127819.0,9.63,0.55,2.08,7.0,0.0
ANN BELL,Cargill,180803,11750.0,Qingdao_China,2026-02-25,4,Brazil – China (Iron Ore),Market,Vale,Iron Ore,Ponta da Madeira_Brazil,Caofeidian_China,190000,21.903,3.75,warranted,10768.9,11049.5,30.95,34.1,1.58,6.33,0,72.97,556.0,621.0,3771.9,130.1,2177990.0,170000.0,2347990.0,4161570.0,156059.0,4005511.0,22717.0,10967.0,800179.0,True,2026-03-27,88.89,3858.5,1930808.0,0.0,860293.0,15.8,0.8,0.0,15.0,0.0
ANN BELL,Cargill,180803,11750.0,Qingdao_China,2026-02-25,5,South Africa – China (Iron Ore),Market,Anglo American,Iron Ore,Saldanha Bay_South Africa,Tianjin_China,180000,17.194,3.75,warranted,8085.5,8350.7,23.23,25.77,0.82,7.2,0,57.03,540.0,510.0,2848.4,98.0,1588105.0,180000.0,1768105.0,3094920.0,116060.0,2978860.0,21232.0,9482.0,540698.0,True,2026-03-20,59.74,2865.4,1392596.0,0.0,704339.0,2.76,0.71,2.06,0.0,0.0
ANN BELL,Cargill,180803,11750.0,Qingdao_China,2026-02-25,6,Indonesia – India (Coal),Market,Adaro,Thermal Coal,Taboneo_Indonesia,Krishnapatnam_India,150000,6.831,2.5,warranted,3109.6,2411.9,8.94,7.44,2.14,6.0,0,24.52,490.0,649.0,962.5,32.8,492901.0,90000.0,582901.0,1024650.0,25616.0,999034.0,16969.0,5219.0,127993.0,True,2026-03-05,63.22,1024.4,451766.0,0.0,-285582.0,38.74,0.65,2.09,36.0,0.0
ANN BELL,Cargill,180803,11750.0,Qingdao_China,2026-02-25,7,Canada – China (Coking Coal),Market,Teck Resources,Coking Coal,Vancouver_Canada,Fangcheng_China,160000,13.112,3.75,warranted,5280.1,6011.3,15.17,18.55,1.78,6.4,0,41.9,566.5,649.0,1972.2,67.5,1161048.0,290000.0,1451048.0,2097920.0,78672.0,2019248.0,13560.0,1810.0,75829.0,True,2026-03-12,52.81,2030.6,1035304.0,0.0,73375.0,10.83,0.73,2.09,8.0,0.0
ANN BELL,Cargill,180803,11750.0,Qingdao_China,2026-02-25,8,West Africa – India (Bauxite),Market,Guinea Alumina Corp,Bauxite,Kamsar_Guinea,Mangalore_India,175000,15.51,2.5,warranted,11614.7,7385.4,33.38,22.79,2.92,3.5,0,62.59,476.0,623.0,3222.6,112.3,1603935.0,150000.0,1753935.0,2714250.0,67856.0,2646394.0,14260.0,2510.0,157064.0,True,2026-03-30,88.28,3277.4,1404055.0,0.0,55070.0,25.72,0.72,0.0,25.0,0.0
ANN BELL,Cargill,180803,11750.0,Qingdao_China,2026-02-25,9,Australia – South Korea (Iron Ore),Market,BHP,Iron Ore,Port Hedland_Australia,Gwangyang_South Korea,165000,8.962,3.75,warranted,3492.6,3633.0,10.04,11.21,1.03,5.5,0,27.78,566.5,649.0,1244.4,42.5,732511.0,230000.0,962511.0,1478730.0,55452.0,1423278.0,16586.0,4836.0,134347.0,True,2026-03-07,31.27,1378.7,702935.0,37076.0,85792.0,3.55,0.55,0.0,3.0,0.0
ANN BELL,Cargill,180803,11750.0,Qingdao_China,2026-02-25,10,Brazil – Malaysia (Iron Ore),Market,Vale Malaysia,Iron Ore,Tubarao_Brazil,Teluk Rubiah_Malaysia,180000,22.96,3.75,warranted,10480.4,11654.8,30.12,35.97,0.75,7.2,0,74.04,481.0,621.0,3838.5,132.2,1928417.0,165000.0,2093417.0,4132800.0,154980.0,3977820.0,25452.0,13702.0,1014459.0,True,2026-03-27,81.71,3874.3,1677172.0,0.0,1175535.0,7.81,0.73,2.08,5.0,0.0
OCEAN HORIZON,Cargill,181550,15750.0,Map Ta Phut_Thailand,2026-03-01,0,West Africa – China,Cargill_Committed,EGA,Bauxite,Kamsar_Guinea,Qingdao_China,180000,23.0,1.25,warranted,9484.4,11614.7,26.7,35.07,3.0,3.6,0,68.37,556.0,621.0,3668.9,111.2,2108980.0,0.0,2108980.0,4140000.0,51750.0,4088250.0,28949.0,13199.0,902439.0,True,2026-03-27,79.98,3946.3,1974712.0,0.0,853841.0,11.63,0.63,0.0,11.0,0.0
OCEAN HORIZON,Cargill,181550,15750.0,Map Ta Phut_Thailand,2026-03-01,1,Australia – China,Cargill_Committed,BHP,Iron Ore,Port Hedland_Australia,Lianyungang_China,160000,9.0,3.75,warranted,3124.3,3545.5,8.8,10.71,1.0,5.33,0,25.83,567.5,649.0,1170.2,35.1,686893.0,380000.0,1066893.0,1440000.0,54000.0,1386000.0,12352.0,-3398.0,-87782.0,True,2026-03-09,26.31,1231.7,629092.0,0.0,-37522.0,0.48,0.48,0.0,0.0,0.0
OCEAN HORIZON,Cargill,181550,15750.0,Map Ta Phut_Thailand,2026-03-01,2,Brazil – China,Cargill_Committed,CSN,Iron Ore,Itaguaí_Brazil,Qingdao_China,180000,22.3,3.75,warranted,12207.2,11371.0,34.37,34.33,0.75,6.0,0,75.45,556.0,621.0,4057.6,123.7,2332836.0,165000.0,2497836.0,4014000.0,150525.0,3863475.0,18100.0,2350.0,177306.0,True,2026-04-04,88.37,4398.3,2200902.0,0.0,105794.0,12.86,0.64,4.23,8.0,0.0
OCEAN HORIZON,Cargill,181550,15750.0,Map Ta Phut_Thailand,2026-03-01,3,Australia – China (Iron Ore),Market,Rio Tinto,Iron Ore,Dampier_Australia,Qingdao_China,170000,8.717,3.75,warranted,3081.3,3331.2,8.67,10.06,1.06,5.67,0,25.46,566.5,649.0,1125.2,33.7,659312.0,240000.0,899312.0,1481890.0,55571.0,1426319.0,20698.0,4948.0,125980.0,True,2026-03-09,28.92,1126.9,574552.0,0.0,156229.0,3.47,0.47,0.0,3.0,0.0
OCEAN HORIZON,Cargill,181550,15750.0,Map Ta Phut_Thailand,2026-03-01,4,Brazil – China (Iron Ore),Market,Vale,Iron Ore,Ponta da Madeira_Brazil,Caofeidian_China,190000,21.903,3.75,warranted,12124.9,11049.5,34.14,33.36,1.58,6.33,0,75.41,556.0,621.0,3989.1,121.5,2293371.0,170000.0,2463371.0,4161570.0,156059.0,4005511.0,20449.0,4699.0,354368.0,True,2026-04-04,88.12,4103.2,2053220.0,0.0,394347.0,12.8,0.72,2.08,10.0,0.0
OCEAN HORIZON,Cargill,181550,15750.0,Map Ta Phut_Thailand,2026-03-01,5,South Africa – China (Iron Ore),Market,Anglo American,Iron Ore,Saldanha Bay_South Africa,Tianjin_China,180000,17.194,3.75,warranted,7674.2,8350.7,21.61,25.21,0.82,7.2,0,54.84,540.0,510.0,2784.4,84.3,1546542.0,180000.0,1726542.0,3094920.0,116060.0,2978860.0,22837.0,7087.0,388638.0,True,2026-03-22,57.62,2929.5,1423731.0,0.0,467650.0,2.75,0.61,2.14,0.0,0.0
OCEAN HORIZON,Cargill,181550,15750.0,Map Ta Phut_Thailand,2026-03-01,6,Indonesia – India (Coal),Market,Adaro,Thermal Coal,Taboneo_Indonesia,Krishnapatnam_India,150000,6.831,2.5,warranted,1369.6,2411.9,3.86,7.28,2.14,6.0,0,19.28,490.0,649.0,688.1,20.0,350198.0,90000.0,440198.0,1024650.0,25616.0,999034.0,28984.0,13234.0,255158.0,True,2026-03-04,53.83,721.3,318084.0,0.0,-256880.0,34.55,0.55,0.0,34.0,0.0
OCEAN HORIZON,Cargill,181550,15750.0,Map Ta Phut_Thailand,2026-03-01,7,Canada – China (Coking Coal),Market,Teck Resources,Coking Coal,Vancouver_Canada,Fangcheng_China,160000,13.112,3.75,warranted,8979.2,6011.3,25.28,18.15,1.78,6.4,0,51.61,566.5,649.0,2561.6,78.2,1501885.0,290000.0,1791885.0,2097920.0,78672.0,2019248.0,4406.0,-11344.0,-585450.0,True,2026-03-26,53.22,2596.9,1324025.0,0.0,-433023.0,1.65,0.65,0.0,1.0,0.0
OCEAN HORIZON,Cargill,181550,15750.0,Map Ta Phut_Thailand,2026-03-01,8,West Africa – India (Bauxite),Market,Guinea Alumina Corp,Bauxite,Kamsar_Guinea,Mangalore_India,175000,15.51,2.5,warranted,9484.4,7385.4,26.7,22.3,2.92,3.5,0,55.42,476.0,623.0,2889.4,88.2,1430308.0,150000.0,1580308.0,2714250.0,67856.0,2646394.0,19237.0,3487.0,193264.0,True,2026-03-27,81.05,3064.9,1313005.0,0.0,-93196.0,25.72,0.61,2.1,23.0,0.0
OCEAN HORIZON,Cargill,181550,15750.0,Map Ta Phut_Thailand,2026-03-01,9,Australia – South Korea (Iron Ore),Market,BHP,Iron Ore,Port Hedland_Australia,Gwangyang_South Korea,165000,8.962,3.75,warranted,3124.3,3633.0,8.8,10.97,1.03,5.5,0,26.3,566.5,649.0,1187.0,35.6,695517.0,230000.0,925517.0,1478730.0,55452.0,1423278.0,18929.0,3179.0,83594.0,True,2026-03-09,26.71,1223.9,624006.0,0.0,148541.0,0.47,0.47,0.0,0.0,0.0
OCEAN HORIZON,Cargill,181550,15750.0,Map Ta Phut_Thailand,2026-03-01,10,Brazil – Malaysia (Iron Ore),Market,Vale Malaysia,Iron Ore,Tubarao_Brazil,Teluk Rubiah_Malaysia,180000,22.96,3.75,warranted,11961.1,11654.8,33.67,35.19,0.75,7.2,0,76.81,481.0,621.0,4074.6,124.0,2036865.0,165000.0,2201865.0,4132800.0,154980.0,3977820.0,23120.0,7370.0,566134.0,True,2026-04-03,77.43,4162.3,1801853.0,0.0,791505.0,0.65,0.65,0.0,0.0,0.0
PACIFIC GLORY,Cargill,182320,14800.0,Gwangyang_South Korea,2026-03-10,0,West Africa – China,Cargill_Committed,EGA,Bauxite,Kamsar_Guinea,Qingdao_China,180000,23.0,1.25,warranted,10303.9,11614.7,30.23,35.85,3.0,3.6,0,72.68,556.0,621.0,3767.5,125.6,2172697.0,0.0,2172697.0,4140000.0,51750.0,4088250.0,26355.0,11555.0,839853.0,True,2026-04-09,76.43,3897.9,1950510.0,37104.0,969437.0,3.77,0.64,2.13,1.0,0.0
PACIFIC GLORY,Cargill,182320,14800.0,Gwangyang_South Korea,2026-03-10,1,Australia – China,Cargill_Committed,BHP,Iron Ore,Port Hedland_Australia,Lianyungang_China,160000,9.0,3.75,warranted,3633.0,3545.5,10.66,10.94,1.0,5.33,0,27.94,567.5,649.0,1240.3,41.0,730501.0,380000.0,1110501.0,1440000.0,54000.0,1386000.0,9862.0,-4938.0,-137962.0,False,2026-03-20,28.39,1225.4,625893.0,38172.0,-78180.0,0.48,0.48,0.0,0.0,1.0
PACIFIC GLORY,Cargill,182320,14800.0,Gwangyang_South Korea,2026-03-10,2,Brazil – China,Cargill_Committed,CSN,Iron Ore,Itaguaí_Brazil,Qingdao_China,180000,22.3,3.75,warranted,13947.0,11371.0,40.92,35.1,0.75,6.0,0,82.77,556.0,621.0,4300.8,144.4,2480942.0,165000.0,2645942.0,4014000.0,150525.0,3863475.0,14710.0,-90.0,-7462.0,False,2026-04-19,85.55,4250.7,2127066.0,37369.0,267846.0,2.74,0.65,2.09,0.0,0.0
PACIFIC GLORY,Cargill,182320,14800.0,Gwangyang_South Korea,2026-03-10,3,Australia – China (Iron Ore),Market,Rio Tinto,Iron Ore,Dampier_Australia,Qingdao_China,170000,8.717,3.75,warranted,4753.3,3331.2,13.95,10.28,1.06,5.67,0,30.96,566.5,649.0,1380.0,46.0,811625.0,240000.0,1051625.0,1481890.0,55571.0,1426319.0,12103.0,-2697.0,-83487.0,False,2026-03-23,31.49,1487.0,758136.0,0.0,-37862.0,0.48,0.48,0.0,0.0,1.0
PACIFIC GLORY,Cargill,182320,14800.0,Gwangyang_South Korea,2026-03-10,4,Brazil – China (Iron Ore),Market,Vale,Iron Ore,Ponta da Madeira_Brazil,Caofeidian_China,190000,21.903,3.75,warranted,12336.0,11049.5,36.2,34.1,1.58,6.33,0,78.22,556.0,621.0,3990.5,133.6,2301660.0,170000.0,2471660.0,4161570.0,156059.0,4005511.0,19610.0,4810.0,376238.0,False,2026-04-15,78.9,3999.1,2001162.0,0.0,666583.0,0.69,0.69,0.0,0.0,0.0
PACIFIC GLORY,Cargill,182320,14800.0,Gwangyang_South Korea,2026-03-10,5,South Africa – China (Iron Ore),Market,Anglo American,Iron Ore,Saldanha Bay_South Africa,Tianjin_China,180000,17.194,3.75,warranted,10335.0,8350.7,30.33,25.77,0.82,7.2,0,64.12,538.0,509.0,3182.3,106.6,1766325.0,180000.0,1946325.0,3094920.0,116060.0,2978860.0,16104.0,1304.0,83595.0,False,2026-04-09,66.69,3071.7,1487320.0,0.0,324499.0,2.69,0.62,2.07,0.0,1.0
PACIFIC GLORY,Cargill,182320,14800.0,Gwangyang_South Korea,2026-03-10,6,Indonesia – India (Coal),Market,Adaro,Thermal Coal,Taboneo_Indonesia,Krishnapatnam_India,150000,6.831,2.5,warranted,3114.1,2411.9,9.14,7.44,2.14,6.0,0,24.72,490.0,649.0,957.1,31.5,489408.0,90000.0,579408.0,1024650.0,25616.0,999034.0,16972.0,2172.0,53702.0,True,2026-03-19,48.28,1027.4,453104.0,0.0,-258555.0,23.56,0.56,0.0,23.0,0.0
PACIFIC GLORY,Cargill,182320,14800.0,Gwangyang_South Korea,2026-03-10,7,Canada – China (Coking Coal),Market,Teck Resources,Coking Coal,Vancouver_Canada,Fangcheng_China,160000,13.112,3.75,warranted,4560.9,6011.3,13.38,18.55,1.78,6.4,0,40.11,566.5,649.0,1841.9,60.7,1082801.0,290000.0,1372801.0,2097920.0,78672.0,2019248.0,16115.0,1315.0,52756.0,True,2026-03-23,40.74,1965.6,1002166.0,0.0,124191.0,0.63,0.63,0.0,0.0,0.0
PACIFIC GLORY,Cargill,182320,14800.0,Gwangyang_South Korea,2026-03-10,8,West Africa – India (Bauxite),Market,Guinea Alumina Corp,Bauxite,Kamsar_Guinea,Mangalore_India,175000,15.51,2.5,warranted,10303.9,7385.4,30.23,22.79,2.92,3.5,0,59.45,475.0,621.0,2996.8,100.8,1486044.0,150000.0,1636044.0,2714250.0,67856.0,2646394.0,16996.0,2196.0,130553.0,True,2026-04-09,73.09,3232.8,1382008.0,0.0,32601.0,13.62,0.62,0.0,13.0,0.0
PACIFIC GLORY,Cargill,182320,14800.0,Gwangyang_South Korea,2026-03-10,9,Australia – South Korea (Iron Ore),Market,BHP,Iron Ore,Port Hedland_Australia,Gwangyang_South Korea,165000,8.962,3.75,warranted,3633.0,3633.0,10.66,11.21,1.03,5.5,0,28.4,566.5,649.0,1256.8,41.6,738955.0,230000.0,968955.0,1478730.0,55452.0,1423278.0,15995.0,1195.0,33937.0,False,2026-03-20,28.86,1404.0,715830.0,0.0,50372.0,0.48,0.48,0.0,0.0,1.0
PACIFIC GLORY,Cargill,182320,14800.0,Gwangyang_South Korea,2026-03-10,10,Brazil – Malaysia (Iron Ore),Market,Vale Malaysia,Iron Ore,Tubarao_Brazil,Teluk Rubiah_Malaysia,180000,22.96,3.75,warranted,13609.8,11654.8,39.93,35.97,0.75,7.2,0,83.86,481.0,621.0,4302.7,144.2,2159140.0,165000.0,2324140.0,4132800.0,154980.0,3977820.0,19720.0,4920.0,412604.0,False,2026-04-18,86.53,4320.8,1870455.0,0.0,661668.0,2.74,0.66,2.08,0.0,1.0
GOLDEN ASCENT,Cargill,179965,13950.0,Fangcheng_China,2026-03-08,0,West Africa – China,Cargill_Committed,EGA,Bauxite,Kamsar_Guinea,Qingdao_China,180000,23.0,1.25,warranted,10129.0,11614.7,30.15,37.23,3.0,3.6,0,73.97,556.0,621.0,3777.3,134.7,2183875.0,0.0,2183875.0,4140000.0,51750.0,4088250.0,25744.0,11794.0,872458.0,True,2026-04-07,76.73,3929.2,1966166.0,0.0,1051685.0,2.62,0.62,0.0,2.0,0.0
GOLDEN ASCENT,Cargill,179965,13950.0,Fangcheng_China,2026-03-08,1,Australia – China,Cargill_Committed,BHP,Iron Ore,Port Hedland_Australia,Lianyungang_China,160000,9.0,3.75,warranted,2842.7,3545.5,8.46,11.36,1.0,5.33,0,26.16,567.5,649.0,1127.1,39.6,665387.0,380000.0,1045387.0,1440000.0,54000.0,1386000.0,13022.0,-928.0,-24287.0,False,2026-03-16,28.74,1045.1,533785.0,0.0,71281.0,2.57,0.48,2.1,0.0,1.0
GOLDEN ASCENT,Cargill,179965,13950.0,Fangcheng_China,2026-03-08,2,Brazil – China,Cargill_Committed,CSN,Iron Ore,Itaguaí_Brazil,Qingdao_China,180000,22.3,3.75,warranted,10310.2,11371.0,30.68,36.45,0.75,6.0,0,73.88,556.0,621.0,3761.1,134.3,2174527.0,165000.0,2339527.0,4014000.0,150525.0,3863475.0,20627.0,6677.0,493317.0,True,2026-04-07,77.59,3861.2,1932159.0,0.0,683973.0,3.77,0.62,2.14,1.0,0.0
GOLDEN ASCENT,Cargill,179965,13950.0,Fangcheng_China,2026-03-08,3,Australia – China (Iron Ore),Market,Rio Tinto,Iron Ore,Dampier_Australia,Qingdao_China,170000,8.717,3.75,warranted,2681.1,3331.2,7.98,10.68,1.06,5.67,0,25.39,566.5,649.0,1063.0,37.3,626423.0,240000.0,866423.0,1481890.0,55571.0,1426319.0,22056.0,8106.0,205769.0,True,2026-03-15,25.84,1111.0,566430.0,0.0,259448.0,0.48,0.48,0.0,0.0,0.0
GOLDEN ASCENT,Cargill,179965,13950.0,Fangcheng_China,2026-03-08,4,Brazil – China (Iron Ore),Market,Vale,Iron Ore,Ponta da Madeira_Brazil,Caofeidian_China,190000,21.903,3.75,warranted,10990.8,11049.5,32.71,35.42,1.58,6.33,0,76.04,556.0,621.0,3812.3,136.3,2204244.0,170000.0,2374244.0,4161570.0,156059.0,4005511.0,21452.0,7502.0,570475.0,True,2026-04-09,81.75,4048.8,2026009.0,38077.0,630979.0,5.77,0.69,2.08,3.0,0.0
GOLDEN ASCENT,Cargill,179965,13950.0,Fangcheng_China,2026-03-08,5,South Africa – China (Iron Ore),Market,Anglo American,Iron Ore,Saldanha Bay_South Africa,Tianjin_China,180000,17.194,3.75,warranted,6681.4,8350.7,19.88,26.76,0.82,7.2,0,54.67,538.0,509.0,2631.1,93.3,1463038.0,180000.0,1643038.0,3094920.0,116060.0,2978860.0,24435.0,10485.0,573201.0,False,2026-03-27,55.27,2918.3,1413056.0,0.0,614720.0,0.61,0.61,0.0,0.0,1.0
GOLDEN ASCENT,Cargill,179965,13950.0,Fangcheng_China,2026-03-08,6,Indonesia – India (Coal),Market,Adaro,Thermal Coal,Taboneo_Indonesia,Krishnapatnam_India,150000,6.831,2.5,warranted,1830.5,2411.9,5.45,7.73,2.14,6.0,0,21.32,490.0,649.0,762.3,26.4,390655.0,90000.0,480655.0,1024650.0,25616.0,999034.0,24313.0,10363.0,220948.0,True,2026-03-13,47.85,823.0,362936.0,37215.0,-158689.0,26.55,0.55,0.0,26.0,0.0
GOLDEN ASCENT,Cargill,179965,13950.0,Fangcheng_China,2026-03-08,7,Canada – China (Coking Coal),Market,Teck Resources,Coking Coal,Vancouver_Canada,Fangcheng_China,160000,13.112,3.75,warranted,6011.3,6011.3,17.89,19.27,1.78,6.4,0,45.34,566.5,649.0,2091.1,74.3,1232813.0,290000.0,1522813.0,2097920.0,78672.0,2019248.0,10950.0,-3000.0,-135998.0,True,2026-03-25,48.13,2135.3,1088659.0,0.0,-30829.0,2.78,0.65,2.13,0.0,0.0
GOLDEN ASCENT,Cargill,179965,13950.0,Fangcheng_China,2026-03-08,8,West Africa – India (Bauxite),Market,Guinea Alumina Corp,Bauxite,Kamsar_Guinea,Mangalore_India,175000,15.51,2.5,warranted,10129.0,7385.4,30.15,23.67,2.92,3.5,0,60.23,475.0,621.0,2990.5,107.6,1487352.0,150000.0,1637352.0,2714250.0,67856.0,2646394.0,16752.0,2802.0,168782.0,True,2026-04-07,76.99,3138.3,1341644.0,0.0,80788.0,16.7,0.61,2.1,14.0,0.0
GOLDEN ASCENT,Cargill,179965,13950.0,Fangcheng_China,2026-03-08,9,Australia – South Korea (Iron Ore),Market,BHP,Iron Ore,Port Hedland_Australia,Gwangyang_South Korea,165000,8.962,3.75,warranted,2842.7,3633.0,8.46,11.64,1.03,5.5,0,26.64,566.5,649.0,1144.0,40.2,674184.0,230000.0,904184.0,1478730.0,55452.0,1423278.0,19488.0,5538.0,147522.0,True,2026-03-16,27.13,1120.8,571451.0,0.0,243430.0,0.48,0.48,0.0,0.0,1.0
GOLDEN ASCENT,Cargill,179965,13950.0,Fangcheng_China,2026-03-08,10,Brazil – Malaysia (Iron Ore),Market,Vale Malaysia,Iron Ore,Tubarao_Brazil,Teluk Rubiah_Malaysia,180000,22.96,3.75,warranted,10191.8,11654.8,30.33,37.36,0.75,7.2,0,75.64,481.0,621.0,3798.9,135.4,1911334.0,165000.0,2076334.0,4132800.0,154980.0,3977820.0,25139.0,11189.0,846334.0,False,2026-04-07,78.22,3901.5,1688951.0,0.0,1032759.0,2.7,0.64,2.06,0.0,0.0
ATLANTIC FORTUNE,Market,181200,,Paradip_India,2026-03-02,0,West Africa – China,Cargill_Committed,EGA,Bauxite,Kamsar_Guinea,Qingdao_China,180000,23.0,1.25,warranted,8187.4,11614.7,23.37,35.07,3.0,3.6,0,65.03,556.0,621.0,3432.4,116.9,1980993.0,0.0,1980993.0,4140000.0,51750.0,4088250.0,32402.0,,,True,2026-03-25,78.71,3649.4,1826177.0,0.0,,13.67,0.62,2.05,11.0,0.0
ATLANTIC FORTUNE,Market,181200,,Paradip_India,2026-03-02,1,Australia – China,Cargill_Committed,BHP,Iron Ore,Port Hedland_Australia,Lianyungang_China,160000,9.0,3.75,warranted,2980.8,3545.5,8.51,10.71,1.0,5.33,0,25.55,567.5,649.0,1137.7,38.4,670575.0,380000.0,1050575.0,1440000.0,54000.0,1386000.0,13131.0,,,True,2026-03-10,26.04,1233.9,630193.0,0.0,,0.47,0.47,0.0,0.0,0.0
ATLANTIC FORTUNE,Market,181200,,Paradip_India,2026-03-02,2,Brazil – China,Cargill_Committed,CSN,Iron Ore,Itaguaí_Brazil,Qingdao_China,180000,22.3,3.75,warranted,8399.6,11371.0,23.97,34.33,0.75,6.0,0,65.05,556.0,621.0,3422.6,116.6,1975382.0,165000.0,2140382.0,4014000.0,150525.0,3863475.0,26487.0,,,True,2026-03-25,75.7,3718.9,1860931.0,0.0,,10.61,0.61,0.0,10.0,0.0
ATLANTIC FORTUNE,Market,181200,,Paradip_India,2026-03-02,3,Australia – China (Iron Ore),Market,Rio Tinto,Iron Ore,Dampier_Australia,Qingdao_China,170000,8.717,3.75,warranted,4235.0,3331.2,12.09,10.06,1.06,5.67,0,28.87,566.5,649.0,1300.5,44.3,765472.0,240000.0,1005472.0,1481890.0,55571.0,1426319.0,14576.0,,,True,2026-03-14,30.36,1375.9,701500.0,0.0,,1.48,0.48,0.0,1.0,0.0
ATLANTIC FORTUNE,Market,181200,,Paradip_India,2026-03-02,4,Brazil – China (Iron Ore),Market,Vale,Iron Ore,Ponta da Madeira_Brazil,Caofeidian_China,190000,21.903,3.75,warranted,10839.2,11049.5,30.93,33.36,1.58,6.33,0,72.21,556.0,621.0,3757.8,128.6,2169168.0,170000.0,2339168.0,4161570.0,156059.0,4005511.0,23076.0,,,True,2026-04-01,85.09,3830.7,1916875.0,37306.0,,12.83,0.69,2.14,10.0,0.0
ATLANTIC FORTUNE,Market,181200,,Paradip_India,2026-03-02,5,South Africa – China (Iron Ore),Market,Anglo American,Iron Ore,Saldanha Bay_South Africa,Tianjin_China,180000,17.194,3.75,warranted,7100.6,8350.7,20.26,25.21,0.82,7.2,0,53.5,540.0,510.0,2671.7,91.0,1489081.0,180000.0,1669081.0,3094920.0,116060.0,2978860.0,24484.0,,,True,2026-03-22,56.28,2741.0,1332115.0,0.0,,2.75,0.61,2.14,0.0,0.0
ATLANTIC FORTUNE,Market,181200,,Paradip_India,2026-03-02,6,Indonesia – India (Coal),Market,Adaro,Thermal Coal,Taboneo_Indonesia,Krishnapatnam_India,150000,6.831,2.5,warranted,2424.4,2411.9,6.92,7.28,2.14,6.0,0,22.34,490.0,649.0,848.8,28.4,434361.0,90000.0,524361.0,1024650.0,25616.0,999034.0,21244.0,,,True,2026-03-08,57.03,887.9,391577.0,38512.0,,34.7,0.56,2.14,32.0,0.0
ATLANTIC FORTUNE,Market,181200,,Paradip_India,2026-03-02,7,Canada – China (Coking Coal),Market,Teck Resources,Coking Coal,Vancouver_Canada,Fangcheng_China,160000,13.112,3.75,warranted,9045.8,6011.3,25.82,18.15,1.78,6.4,0,52.14,566.5,649.0,2559.2,87.9,1506859.0,290000.0,1796859.0,2097920.0,78672.0,2019248.0,4265.0,,,True,2026-03-27,52.83,2841.2,1448572.0,0.0,,0.66,0.66,0.0,0.0,0.0
ATLANTIC FORTUNE,Market,181200,,Paradip_India,2026-03-02,8,West Africa – India (Bauxite),Market,Guinea Alumina Corp,Bauxite,Kamsar_Guinea,Mangalore_India,175000,15.51,2.5,warranted,8187.4,7385.4,23.37,22.3,2.92,3.5,0,52.08,476.0,623.0,2665.7,91.3,1325760.0,150000.0,1475760.0,2714250.0,67856.0,2646394.0,22477.0,,,True,2026-03-25,75.66,2785.5,1193313.0,0.0,,23.61,0.61,0.0,23.0,0.0
ATLANTIC FORTUNE,Market,181200,,Paradip_India,2026-03-02,9,Australia – South Korea (Iron Ore),Market,BHP,Iron Ore,Port Hedland_Australia,Gwangyang_South Korea,165000,8.962,3.75,warranted,2980.8,3633.0,8.51,10.97,1.03,5.5,0,26.01,566.5,649.0,1154.1,39.0,679094.0,230000.0,909094.0,1478730.0,55452.0,1423278.0,19771.0,,,True,2026-03-10,26.47,1193.9,608729.0,0.0,,0.47,0.47,0.0,0.0,0.0
ATLANTIC FORTUNE,Market,181200,,Paradip_India,2026-03-02,10,Brazil – Malaysia (Iron Ore),Market,Vale Malaysia,Iron Ore,Tubarao_Brazil,Teluk Rubiah_Malaysia,180000,22.96,3.75,warranted,10965.7,11654.8,31.29,35.19,0.75,7.2,0,74.43,481.0,621.0,3887.7,133.0,1952581.0,165000.0,2117581.0,4132800.0,154980.0,3977820.0,24992.0,,,True,2026-04-02,75.09,4247.6,1838785.0,0.0,,0.65,0.65,0.0,0.0,0.0
PACIFIC VANGUARD,Market,182050,,Caofeidian_China,2026-02-26,0,West Africa – China,Cargill_Committed,EGA,Bauxite,Kamsar_Guinea,Qingdao_China,180000,23.0,1.25,warranted,11120.1,11614.7,32.4,35.58,3.0,3.6,0,74.59,556.0,621.0,3868.9,129.2,2231345.0,0.0,2231345.0,4140000.0,51750.0,4088250.0,24896.0,,,True,2026-03-30,87.31,4382.8,2193133.0,0.0,,12.74,0.74,0.0,12.0,0.0
PACIFIC VANGUARD,Market,182050,,Caofeidian_China,2026-02-26,1,Australia – China,Cargill_Committed,BHP,Iron Ore,Port Hedland_Australia,Lianyungang_China,160000,9.0,3.75,warranted,3788.5,3545.5,11.04,10.86,1.0,5.33,0,28.23,567.5,649.0,1256.0,41.6,739776.0,380000.0,1119776.0,1440000.0,54000.0,1386000.0,9429.0,,,True,2026-03-09,28.8,1343.2,686024.0,0.0,,0.55,0.55,0.0,0.0,0.0
PACIFIC VANGUARD,Market,182050,,Caofeidian_China,2026-02-26,2,Brazil – China,Cargill_Committed,CSN,Iron Ore,Itaguaí_Brazil,Qingdao_China,180000,22.3,3.75,warranted,11328.6,11371.0,33.01,34.84,0.75,6.0,0,74.6,556.0,621.0,3858.1,128.9,2225172.0,165000.0,2390172.0,4014000.0,150525.0,3863475.0,19750.0,,,True,2026-03-31,86.33,3951.6,1977374.0,0.0,,11.74,0.74,0.0,11.0,0.0
PACIFIC VANGUARD,Market,182050,,Caofeidian_China,2026-02-26,3,Australia – China (Iron Ore),Market,Rio Tinto,Iron Ore,Dampier_Australia,Qingdao_China,170000,8.717,3.75,warranted,3725.4,3331.2,10.85,10.21,1.06,5.67,0,27.79,566.5,649.0,1208.5,40.0,710582.0,240000.0,950582.0,1481890.0,55571.0,1426319.0,17119.0,,,True,2026-03-08,33.31,1205.6,614677.0,0.0,,5.54,0.54,0.0,5.0,0.0
PACIFIC VANGUARD,Market,182050,,Caofeidian_China,2026-02-26,4,Brazil – China (Iron Ore),Market,Vale,Iron Ore,Ponta da Madeira_Brazil,Caofeidian_China,190000,21.903,3.75,warranted,11049.5,11049.5,32.2,33.85,1.58,6.33,0,73.96,556.0,621.0,3759.6,125.5,2168275.0,170000.0,2338275.0,4161570.0,156059.0,4005511.0,22541.0,,,True,2026-03-30,87.59,3984.9,1994030.0,0.0,,13.78,0.78,0.0,13.0,0.0
PACIFIC VANGUARD,Market,182050,,Caofeidian_China,2026-02-26,5,South Africa – China (Iron Ore),Market,Anglo American,Iron Ore,Saldanha Bay_South Africa,Tianjin_China,180000,17.194,3.75,warranted,8469.7,8350.7,24.68,25.58,0.82,7.2,0,58.28,540.0,510.0,2866.2,95.5,1596434.0,180000.0,1776434.0,3094920.0,116060.0,2978860.0,20632.0,,,True,2026-03-22,58.91,2834.2,1377442.0,0.0,,0.7,0.7,0.0,0.0,0.0
PACIFIC VANGUARD,Market,182050,,Caofeidian_China,2026-02-26,6,Indonesia – India (Coal),Market,Adaro,Thermal Coal,Taboneo_Indonesia,Krishnapatnam_India,150000,6.831,2.5,warranted,3081.5,2411.9,8.98,7.39,2.14,6.0,0,24.51,490.0,649.0,945.3,31.1,483358.0,90000.0,573358.0,1024650.0,25616.0,999034.0,17367.0,,,True,2026-03-06,60.18,1032.3,455256.0,0.0,,35.66,0.66,0.0,35.0,0.0
PACIFIC VANGUARD,Market,182050,,Caofeidian_China,2026-02-26,7,Canada – China (Coking Coal),Market,Teck Resources,Coking Coal,Vancouver_Canada,Fangcheng_China,160000,13.112,3.75,warranted,5355.0,6011.3,15.6,18.42,1.78,6.4,0,42.2,566.5,649.0,1953.7,64.6,1148726.0,290000.0,1438726.0,2097920.0,78672.0,2019248.0,13757.0,,,True,2026-03-13,51.96,2015.2,1027430.0,0.0,,9.78,0.74,2.04,7.0,0.0
PACIFIC VANGUARD,Market,182050,,Caofeidian_China,2026-02-26,8,West Africa – India (Bauxite),Market,Guinea Alumina Corp,Bauxite,Kamsar_Guinea,Mangalore_India,175000,15.51,2.5,warranted,11120.1,7385.4,32.4,22.63,2.92,3.5,0,61.44,476.0,623.0,3103.9,104.6,1542592.0,150000.0,1692592.0,2714250.0,67856.0,2646394.0,15523.0,,,True,2026-03-30,86.18,3241.9,1388820.0,0.0,,24.72,0.72,0.0,24.0,0.0
PACIFIC VANGUARD,Market,182050,,Caofeidian_China,2026-02-26,9,Australia – South Korea (Iron Ore),Market,BHP,Iron Ore,Port Hedland_Australia,Gwangyang_South Korea,165000,8.962,3.75,warranted,3788.5,3633.0,11.04,11.13,1.03,5.5,0,28.7,566.5,649.0,1272.4,42.1,748145.0,230000.0,978145.0,1478730.0,55452.0,1423278.0,15510.0,,,True,2026-03-09,31.28,1410.1,718921.0,37431.0,,2.55,0.55,0.0,2.0,0.0
PACIFIC VANGUARD,Market,182050,,Caofeidian_China,2026-02-26,10,Brazil – Malaysia (Iron Ore),Market,Vale Malaysia,Iron Ore,Tubarao_Brazil,Teluk Rubiah_Malaysia,180000,22.96,3.75,warranted,11214.7,11654.8,32.68,35.71,0.75,7.2,0,76.33,481.0,621.0,3895.1,129.9,1954243.0,165000.0,2119243.0,4132800.0,154980.0,3977820.0,24348.0,,,True,2026-03-30,81.07,3951.9,1710774.0,0.0,,4.73,0.73,0.0,4.0,0.0
CORAL EMPEROR,Market,180450,,Rotterdam_Netherlands,2026-03-05,0,West Africa – China,Cargill_Committed,EGA,Bauxite,Kamsar_Guinea,Qingdao_China,180000,23.0,1.25,warranted,3718.6,11614.7,10.99,36.12,3.0,3.6,0,53.7,558.5,623.0,2697.6,94.2,1565282.0,0.0,1565282.0,4140000.0,51750.0,4088250.0,46979.0,,,True,2026-03-15,69.51,2543.4,1278454.0,0.0,,15.83,0.6,4.22,11.0,0.0
CORAL EMPEROR,Market,180450,,Rotterdam_Netherlands,2026-03-05,1,Australia – China,Cargill_Committed,BHP,Iron Ore,Port Hedland_Australia,Lianyungang_China,160000,9.0,3.75,warranted,10158.9,3545.5,30.02,11.02,1.0,5.33,0,47.38,567.5,649.0,2250.1,82.1,1330229.0,380000.0,1710229.0,1440000.0,54000.0,1386000.0,-6843.0,,,False,2026-04-04,49.86,2409.6,1230693.0,0.0,,2.6,0.51,2.08,0.0,1.0
CORAL EMPEROR,Market,180450,,Rotterdam_Netherlands,2026-03-05,2,Brazil – China,Cargill_Committed,CSN,Iron Ore,Itaguaí_Brazil,Qingdao_China,180000,22.3,3.75,warranted,5383.3,11371.0,15.91,35.36,0.75,6.0,0,58.02,556.0,621.0,2914.8,102.5,1684293.0,165000.0,1849293.0,4014000.0,150525.0,3863475.0,34718.0,,,True,2026-03-20,67.7,3006.1,1504230.0,0.0,,9.6,0.6,0.0,9.0,0.0
CORAL EMPEROR,Market,180450,,Rotterdam_Netherlands,2026-03-05,3,Australia – China (Iron Ore),Market,Rio Tinto,Iron Ore,Dampier_Australia,Qingdao_China,170000,8.717,3.75,warranted,10082.5,3331.2,29.79,10.36,1.06,5.67,0,46.88,566.5,649.0,2200.8,80.3,1298847.0,240000.0,1538847.0,1481890.0,55571.0,1426319.0,-2400.0,,,False,2026-04-03,47.3,2286.2,1165605.0,0.0,,0.5,0.5,0.0,0.0,1.0
CORAL EMPEROR,Market,180450,,Rotterdam_Netherlands,2026-03-05,4,Brazil – China (Iron Ore),Market,Vale,Iron Ore,Ponta da Madeira_Brazil,Caofeidian_China,190000,21.903,3.75,warranted,4080.8,11049.5,12.06,34.36,1.58,6.33,0,54.33,556.0,621.0,2656.4,92.8,1534624.0,170000.0,1704624.0,4161570.0,156059.0,4005511.0,42347.0,,,True,2026-03-17,69.05,2977.3,1489840.0,0.0,,14.82,0.65,2.17,12.0,0.0
CORAL EMPEROR,Market,180450,,Rotterdam_Netherlands,2026-03-05,5,South Africa – China (Iron Ore),Market,Anglo American,Iron Ore,Saldanha Bay_South Africa,Tianjin_China,180000,17.194,3.75,warranted,6324.2,8350.7,18.69,25.97,0.82,7.2,0,52.67,540.0,510.0,2521.4,89.3,1407092.0,180000.0,1587092.0,3094920.0,116060.0,2978860.0,26423.0,,,True,2026-03-23,55.45,2429.8,1180887.0,0.0,,2.69,0.61,2.08,0.0,0.0
CORAL EMPEROR,Market,180450,,Rotterdam_Netherlands,2026-03-05,6,Indonesia – India (Coal),Market,Adaro,Thermal Coal,Taboneo_Indonesia,Krishnapatnam_India,150000,6.831,2.5,warranted,9119.0,2411.9,26.95,7.5,2.14,6.0,0,42.59,490.0,649.0,1888.4,68.9,970045.0,90000.0,1060045.0,1024650.0,25616.0,999034.0,-1433.0,,,True,2026-03-31,66.22,1990.3,877721.0,0.0,,23.59,0.59,0.0,23.0,0.0
CORAL EMPEROR,Market,180450,,Rotterdam_Netherlands,2026-03-05,7,Canada – China (Coking Coal),Market,Teck Resources,Coking Coal,Vancouver_Canada,Fangcheng_China,160000,13.112,3.75,warranted,8711.2,6011.3,25.74,18.69,1.78,6.4,0,52.61,566.5,649.0,2473.8,88.9,1459099.0,290000.0,1749099.0,2097920.0,78672.0,2019248.0,5135.0,,,False,2026-03-30,55.34,2614.3,1332910.0,0.0,,2.71,0.66,2.05,0.0,0.0
CORAL EMPEROR,Market,180450,,Rotterdam_Netherlands,2026-03-05,8,West Africa – India (Bauxite),Market,Guinea Alumina Corp,Bauxite,Kamsar_Guinea,Mangalore_India,175000,15.51,2.5,warranted,3718.6,7385.4,10.99,22.96,2.92,3.5,0,40.37,476.0,623.0,1934.2,67.9,963008.0,150000.0,1113008.0,2714250.0,67856.0,2646394.0,37983.0,,,True,2026-03-15,66.08,2150.8,921392.0,0.0,,25.71,0.6,2.11,23.0,0.0
CORAL EMPEROR,Market,180450,,Rotterdam_Netherlands,2026-03-05,9,Australia – South Korea (Iron Ore),Market,BHP,Iron Ore,Port Hedland_Australia,Gwangyang_South Korea,165000,8.962,3.75,warranted,10158.9,3633.0,30.02,11.3,1.03,5.5,0,47.85,566.5,649.0,2266.5,82.6,1337617.0,230000.0,1567617.0,1478730.0,55452.0,1423278.0,-3017.0,,,False,2026-04-04,52.66,2201.9,1122649.0,0.0,,4.71,0.5,4.21,0.0,1.0
CORAL EMPEROR,Market,180450,,Rotterdam_Netherlands,2026-03-05,10,Brazil – Malaysia (Iron Ore),Market,Vale Malaysia,Iron Ore,Tubarao_Brazil,Teluk Rubiah_Malaysia,180000,22.96,3.75,warranted,5161.3,11654.8,15.25,36.24,0.75,7.2,0,59.44,481.0,621.0,2934.9,103.0,1475658.0,165000.0,1640658.0,4132800.0,154980.0,3977820.0,39318.0,,,True,2026-03-20,62.03,2944.5,1274691.0,0.0,,2.61,0.61,0.0,2.0,0.0
EVEREST OCEAN,Market,179950,,Xiamen_China,2026-03-03,0,West Africa – China,Cargill_Committed,EGA,Bauxite,Kamsar_Guinea,Qingdao_China,180000,23.0,1.25,warranted,10304.5,11614.7,29.61,35.32,3.0,3.6,0,71.54,556.0,621.0,3847.6,116.9,2211848.0,0.0,2211848.0,4140000.0,51750.0,4088250.0,26230.0,,,True,2026-04-01,80.11,4064.6,2033906.0,0.0,,8.64,0.64,0.0,8.0,0.0
EVEREST OCEAN,Market,179950,,Xiamen_China,2026-03-03,1,Australia – China,Cargill_Committed,BHP,Iron Ore,Port Hedland_Australia,Lianyungang_China,160000,9.0,3.75,warranted,2806.8,3545.5,8.07,10.78,1.0,5.33,0,25.18,567.5,649.0,1132.5,33.9,664695.0,380000.0,1044695.0,1440000.0,54000.0,1386000.0,13554.0,,,True,2026-03-11,25.62,1127.8,576029.0,0.0,,0.47,0.47,0.0,0.0,0.0
EVEREST OCEAN,Market,179950,,Xiamen_China,2026-03-03,2,Brazil – China,Cargill_Committed,CSN,Iron Ore,Itaguaí_Brazil,Qingdao_China,180000,22.3,3.75,warranted,10369.0,11371.0,29.8,34.58,0.75,6.0,0,71.13,556.0,621.0,3813.3,115.9,2192157.0,165000.0,2357157.0,4014000.0,150525.0,3863475.0,21177.0,,,True,2026-04-01,78.76,3918.6,1960860.0,36830.0,,7.64,0.64,0.0,7.0,0.0
EVEREST OCEAN,Market,179950,,Xiamen_China,2026-03-03,3,Australia – China (Iron Ore),Market,Rio Tinto,Iron Ore,Dampier_Australia,Qingdao_China,170000,8.717,3.75,warranted,2820.1,3331.2,8.1,10.13,1.06,5.67,0,24.96,566.5,649.0,1096.1,32.8,642226.0,240000.0,882226.0,1481890.0,55571.0,1426319.0,21795.0,,,True,2026-03-11,28.55,1099.8,560729.0,0.0,,3.58,0.48,2.1,1.0,0.0
EVEREST OCEAN,Market,179950,,Xiamen_China,2026-03-03,4,Brazil – China (Iron Ore),Market,Vale,Iron Ore,Ponta da Madeira_Brazil,Caofeidian_China,190000,21.903,3.75,warranted,12789.8,11049.5,36.75,33.61,1.58,6.33,0,78.27,556.0,621.0,4150.2,126.6,2386151.0,170000.0,2556151.0,4161570.0,156059.0,4005511.0,18516.0,,,True,2026-04-08,85.87,4390.5,2196996.0,0.0,,7.69,0.69,0.0,7.0,0.0
EVEREST OCEAN,Market,179950,,Xiamen_China,2026-03-03,5,South Africa – China (Iron Ore),Market,Anglo American,Iron Ore,Saldanha Bay_South Africa,Tianjin_China,180000,17.194,3.75,warranted,9340.1,8350.7,26.84,25.4,0.82,7.2,0,60.26,538.0,509.0,3089.7,94.0,1710132.0,180000.0,1890132.0,3094920.0,116060.0,2978860.0,18069.0,,,False,2026-03-29,60.91,3124.1,1512677.0,0.0,,0.6,0.6,0.0,0.0,0.0
EVEREST OCEAN,Market,179950,,Xiamen_China,2026-03-03,6,Indonesia – India (Coal),Market,Adaro,Thermal Coal,Taboneo_Indonesia,Krishnapatnam_India,150000,6.831,2.5,warranted,1975.7,2411.9,5.68,7.34,2.14,6.0,0,21.16,490.0,649.0,792.7,23.4,403606.0,90000.0,493606.0,1024650.0,25616.0,999034.0,23891.0,,,True,2026-03-08,52.73,820.0,361628.0,0.0,,31.56,0.56,0.0,31.0,0.0
EVEREST OCEAN,Market,179950,,Xiamen_China,2026-03-03,7,Canada – China (Coking Coal),Market,Teck Resources,Coking Coal,Vancouver_Canada,Fangcheng_China,160000,13.112,3.75,warranted,5263.7,6011.3,15.13,18.28,1.78,6.4,0,41.59,566.5,649.0,1994.4,60.1,1168834.0,290000.0,1458834.0,2097920.0,78672.0,2019248.0,13476.0,,,True,2026-03-18,44.17,2041.1,1040651.0,0.0,,2.64,0.64,0.0,2.0,0.0
EVEREST OCEAN,Market,179950,,Xiamen_China,2026-03-03,8,West Africa – India (Bauxite),Market,Guinea Alumina Corp,Bauxite,Kamsar_Guinea,Mangalore_India,175000,15.51,2.5,warranted,10304.5,7385.4,29.61,22.46,2.92,3.5,0,58.49,475.0,621.0,3062.4,93.7,1512852.0,150000.0,1662852.0,2714250.0,67856.0,2646394.0,16816.0,,,True,2026-04-01,79.16,2980.3,1274071.0,0.0,,20.62,0.62,0.0,20.0,0.0
EVEREST OCEAN,Market,179950,,Xiamen_China,2026-03-03,9,Australia – South Korea (Iron Ore),Market,BHP,Iron Ore,Port Hedland_Australia,Gwangyang_South Korea,165000,8.962,3.75,warranted,2806.8,3633.0,8.07,11.05,1.03,5.5,0,25.65,566.5,649.0,1149.3,34.4,673404.0,230000.0,903404.0,1478730.0,55452.0,1423278.0,20271.0,,,True,2026-03-11,26.15,1224.9,624507.0,0.0,,0.47,0.47,0.0,0.0,0.0
EVEREST OCEAN,Market,179950,,Xiamen_China,2026-03-03,10,Brazil – Malaysia (Iron Ore),Market,Vale Malaysia,Iron Ore,Tubarao_Brazil,Teluk Rubiah_Malaysia,180000,22.96,3.75,warranted,10765.6,11654.8,30.94,35.45,0.75,7.2,0,74.33,481.0,621.0,3934.0,119.5,1966438.0,165000.0,2131438.0,4132800.0,154980.0,3977820.0,24840.0,,,True,2026-04-02,75.01,3990.2,1727350.0,0.0,,0.65,0.65,0.0,0.0,0.0
POLARIS SPIRIT,Market,181600,,Kandla_India,2026-02-28,0,West Africa – China,Cargill_Committed,EGA,Bauxite,Kamsar_Guinea,Qingdao_China,180000,23.0,1.25,warranted,6880.8,11614.7,19.5,34.82,3.0,3.6,0,60.92,558.5,623.0,3290.8,103.2,1902194.0,0.0,1902194.0,4140000.0,51750.0,4088250.0,35884.0,,,True,2026-03-19,75.66,3349.1,1683421.0,0.0,,14.73,0.73,0.0,14.0,0.0
POLARIS SPIRIT,Market,181600,,Kandla_India,2026-02-28,1,Australia – China,Cargill_Committed,BHP,Iron Ore,Port Hedland_Australia,Lianyungang_China,160000,9.0,3.75,warranted,5385.9,3545.5,15.27,10.63,1.0,5.33,0,32.23,567.5,649.0,1548.7,49.2,910845.0,380000.0,1290845.0,1440000.0,54000.0,1386000.0,2953.0,,,False,2026-03-15,34.89,1635.9,835540.0,0.0,,2.64,0.56,2.08,0.0,1.0
POLARIS SPIRIT,Market,181600,,Kandla_India,2026-02-28,2,Brazil – China,Cargill_Committed,CSN,Iron Ore,Itaguaí_Brazil,Qingdao_China,180000,22.3,3.75,warranted,10075.4,11371.0,28.56,34.09,0.75,6.0,0,69.39,556.0,621.0,3762.1,119.0,2165622.0,165000.0,2330622.0,4014000.0,150525.0,3863475.0,22089.0,,,True,2026-03-28,83.22,3782.7,1892868.0,0.0,,13.86,0.74,2.12,11.0,0.0
POLARIS SPIRIT,Market,181600,,Kandla_India,2026-02-28,3,Australia – China (Iron Ore),Market,Rio Tinto,Iron Ore,Dampier_Australia,Qingdao_China,170000,8.717,3.75,warranted,5291.0,3331.2,15.0,9.99,1.06,5.67,0,31.71,566.5,649.0,1494.8,47.5,877617.0,240000.0,1117617.0,1481890.0,55571.0,1426319.0,9735.0,,,True,2026-03-14,34.28,1528.0,779060.0,0.0,,2.55,0.55,0.0,2.0,0.0
POLARIS SPIRIT,Market,181600,,Kandla_India,2026-02-28,4,Brazil – China (Iron Ore),Market,Vale,Iron Ore,Ponta da Madeira_Brazil,Caofeidian_China,190000,21.903,3.75,warranted,9532.4,11049.5,27.02,33.12,1.58,6.33,0,68.06,556.0,621.0,3618.2,114.3,2082686.0,170000.0,2252686.0,4161570.0,156059.0,4005511.0,25755.0,,,True,2026-03-27,81.82,3853.3,1928203.0,0.0,,13.79,0.79,0.0,13.0,0.0
POLARIS SPIRIT,Market,181600,,Kandla_India,2026-02-28,5,South Africa – China (Iron Ore),Market,Anglo American,Iron Ore,Saldanha Bay_South Africa,Tianjin_China,180000,17.194,3.75,warranted,4622.0,8350.7,13.1,25.03,0.82,7.2,0,46.15,540.0,510.0,2323.6,72.5,1291695.0,180000.0,1471695.0,3094920.0,116060.0,2978860.0,32657.0,,,True,2026-03-13,47.84,2249.9,1093434.0,0.0,,1.68,0.68,0.0,1.0,0.0
POLARIS SPIRIT,Market,181600,,Kandla_India,2026-02-28,6,Indonesia – India (Coal),Market,Adaro,Thermal Coal,Taboneo_Indonesia,Krishnapatnam_India,150000,6.831,2.5,warranted,3670.9,2411.9,10.41,7.23,2.14,6.0,0,25.78,490.0,649.0,1066.6,33.5,544372.0,90000.0,634372.0,1024650.0,25616.0,999034.0,14146.0,,,True,2026-03-10,59.41,1144.0,504509.0,0.0,,33.66,0.66,0.0,33.0,0.0
POLARIS SPIRIT,Market,181600,,Kandla_India,2026-02-28,7,Canada – China (Coking Coal),Market,Teck Resources,Coking Coal,Vancouver_Canada,Fangcheng_China,160000,13.112,3.75,warranted,9772.3,6011.3,27.7,18.02,1.78,6.4,0,53.9,566.5,649.0,2721.4,86.9,1598060.0,290000.0,1888060.0,2097920.0,78672.0,2019248.0,2434.0,,,True,2026-03-27,57.85,2863.5,1459968.0,0.0,,3.91,0.78,2.13,1.0,0.0
POLARIS SPIRIT,Market,181600,,Kandla_India,2026-02-28,8,West Africa – India (Bauxite),Market,Guinea Alumina Corp,Bauxite,Kamsar_Guinea,Mangalore_India,175000,15.51,2.5,warranted,6880.8,7385.4,19.5,22.14,2.92,3.5,0,48.06,476.0,623.0,2504.2,79.1,1241281.0,150000.0,1391281.0,2714250.0,67856.0,2646394.0,26116.0,,,True,2026-03-19,74.77,2760.0,1182405.0,0.0,,26.7,0.7,0.0,26.0,0.0
POLARIS SPIRIT,Market,181600,,Kandla_India,2026-02-28,9,Australia – South Korea (Iron Ore),Market,BHP,Iron Ore,Port Hedland_Australia,Gwangyang_South Korea,165000,8.962,3.75,warranted,5385.9,3633.0,15.27,10.89,1.03,5.5,0,32.69,566.5,649.0,1565.6,49.7,919178.0,230000.0,1149178.0,1478730.0,55452.0,1423278.0,8385.0,,,True,2026-03-15,33.26,1702.9,868224.0,0.0,,0.57,0.57,0.0,0.0,0.0
POLARIS SPIRIT,Market,181600,,Kandla_India,2026-02-28,10,Brazil – Malaysia (Iron Ore),Market,Vale Malaysia,Iron Ore,Tubarao_Brazil,Teluk Rubiah_Malaysia,180000,22.96,3.75,warranted,9745.5,11654.8,27.62,34.94,0.75,7.2,0,70.51,481.0,621.0,3765.2,118.9,1884891.0,165000.0,2049891.0,4132800.0,154980.0,3977820.0,27343.0,,,True,2026-03-27,74.33,4120.6,1783792.0,0.0,,3.74,0.74,0.0,3.0,0.0
IRON CENTURY,Market,182100,,Port Talbot_Wales,2026-03-09,0,West Africa – China,Cargill_Committed,EGA,Bauxite,Kamsar_Guinea,Qingdao_China,180000,23.0,1.25,warranted,3533.2,11614.7,10.37,35.85,3.0,3.6,0,52.82,556.0,621.0,2696.0,97.1,1559235.0,0.0,1559235.0,4140000.0,51750.0,4088250.0,47884.0,,,True,2026-03-19,61.46,2740.1,1371133.0,0.0,,8.61,0.61,0.0,8.0,0.0
IRON CENTURY,Market,182100,,Port Talbot_Wales,2026-03-09,1,Australia – China,Cargill_Committed,BHP,Iron Ore,Port Hedland_Australia,Lianyungang_China,160000,9.0,3.75,warranted,10570.0,3545.5,31.02,10.94,1.0,5.33,0,48.29,563.5,642.0,2340.7,88.1,1375572.0,380000.0,1755572.0,1440000.0,54000.0,1386000.0,-7653.0,,,False,2026-04-09,48.82,2403.4,1218897.0,0.0,,0.5,0.5,0.0,0.0,1.0
IRON CENTURY,Market,182100,,Port Talbot_Wales,2026-03-09,2,Brazil – China,Cargill_Committed,CSN,Iron Ore,Itaguaí_Brazil,Qingdao_China,180000,22.3,3.75,warranted,5010.4,11371.0,14.7,35.1,0.75,6.0,0,56.55,556.0,621.0,2886.1,104.6,1669633.0,165000.0,1834633.0,4014000.0,150525.0,3863475.0,35879.0,,,True,2026-03-23,65.22,2979.6,1490985.0,0.0,,8.72,0.62,2.1,6.0,0.0
IRON CENTURY,Market,182100,,Port Talbot_Wales,2026-03-09,3,Australia – China (Iron Ore),Market,Rio Tinto,Iron Ore,Dampier_Australia,Qingdao_China,170000,8.717,3.75,warranted,10494.8,3331.2,30.79,10.28,1.06,5.67,0,47.81,564.0,642.0,2291.0,86.3,1347529.0,240000.0,1587529.0,1481890.0,55571.0,1426319.0,-3372.0,,,False,2026-04-08,50.38,2501.5,1269741.0,0.0,,2.58,0.5,2.08,0.0,1.0
IRON CENTURY,Market,182100,,Port Talbot_Wales,2026-03-09,4,Brazil – China (Iron Ore),Market,Vale,Iron Ore,Ponta da Madeira_Brazil,Caofeidian_China,190000,21.903,3.75,warranted,3731.6,11049.5,10.95,34.1,1.58,6.33,0,52.97,556.0,621.0,2628.7,94.6,1520314.0,170000.0,1690314.0,4161570.0,156059.0,4005511.0,43708.0,,,True,2026-03-19,62.59,2876.3,1439324.0,0.0,,9.66,0.66,0.0,9.0,0.0
IRON CENTURY,Market,182100,,Port Talbot_Wales,2026-03-09,5,South Africa – China (Iron Ore),Market,Anglo American,Iron Ore,Saldanha Bay_South Africa,Tianjin_China,180000,17.194,3.75,warranted,5582.2,8350.7,16.38,25.77,0.82,7.2,0,50.17,538.0,509.0,2430.8,88.5,1352834.0,180000.0,1532834.0,3094920.0,116060.0,2978860.0,28822.0,,,False,2026-03-25,50.72,2527.6,1223847.0,0.0,,0.6,0.6,0.0,0.0,1.0
IRON CENTURY,Market,182100,,Port Talbot_Wales,2026-03-09,6,Indonesia – India (Coal),Market,Adaro,Thermal Coal,Taboneo_Indonesia,Krishnapatnam_India,150000,6.831,2.5,warranted,9185.5,2411.9,26.95,7.44,2.14,6.0,0,42.54,490.0,649.0,1920.7,72.2,988028.0,90000.0,1078028.0,1024650.0,25616.0,999034.0,-1857.0,,,True,2026-04-04,64.17,2064.7,910554.0,0.0,,21.63,0.58,2.05,19.0,0.0
IRON CENTURY,Market,182100,,Port Talbot_Wales,2026-03-09,7,Canada – China (Coking Coal),Market,Teck Resources,Coking Coal,Vancouver_Canada,Fangcheng_China,160000,13.112,3.75,warranted,5606.8,6011.3,16.45,18.55,1.78,6.4,0,43.18,566.5,649.0,2009.2,73.5,1185934.0,290000.0,1475934.0,2097920.0,78672.0,2019248.0,12582.0,,,True,2026-03-25,43.85,2084.3,1062657.0,37823.0,,0.65,0.65,0.0,0.0,0.0
IRON CENTURY,Market,182100,,Port Talbot_Wales,2026-03-09,8,West Africa – India (Bauxite),Market,Guinea Alumina Corp,Bauxite,Kamsar_Guinea,Mangalore_India,175000,15.51,2.5,warranted,3533.2,7385.4,10.37,22.79,2.92,3.5,0,39.58,476.0,623.0,1925.2,69.6,959801.0,150000.0,1109801.0,2714250.0,67856.0,2646394.0,38824.0,,,True,2026-03-19,62.25,1944.3,832935.0,0.0,,22.67,0.59,2.09,20.0,0.0
IRON CENTURY,Market,182100,,Port Talbot_Wales,2026-03-09,9,Australia – South Korea (Iron Ore),Market,BHP,Iron Ore,Port Hedland_Australia,Gwangyang_South Korea,165000,8.962,3.75,warranted,10570.0,3633.0,31.02,11.21,1.03,5.5,0,48.76,564.0,642.0,2357.3,88.7,1386448.0,230000.0,1616448.0,1478730.0,55452.0,1423278.0,-3962.0,,,False,2026-04-09,49.28,2602.3,1320946.0,0.0,,0.5,0.5,0.0,0.0,1.0
IRON CENTURY,Market,182100,,Port Talbot_Wales,2026-03-09,10,Brazil – Malaysia (Iron Ore),Market,Vale Malaysia,Iron Ore,Tubarao_Brazil,Teluk Rubiah_Malaysia,180000,22.96,3.75,warranted,4836.8,11654.8,14.19,35.97,0.75,7.2,0,58.11,481.0,621.0,2914.2,105.3,1467135.0,165000.0,1632135.0,4132800.0,154980.0,3977820.0,40363.0,,,True,2026-03-23,58.84,3140.0,1359317.0,36788.0,,0.61,0.61,0.0,0.0,0.0
MOUNTAIN TRADER,Market,180890,,Gwangyang_South Korea,2026-03-06,0,West Africa – China,Cargill_Committed,EGA,Bauxite,Kamsar_Guinea,Qingdao_China,180000,23.0,1.25,warranted,10303.9,11614.7,30.67,36.39,3.0,3.6,0,73.65,556.0,621.0,3756.2,134.1,2171743.0,0.0,2171743.0,4140000.0,51750.0,4088250.0,26021.0,,,True,2026-04-05,80.41,3562.5,1782683.0,37736.0,,6.78,0.65,2.13,4.0,0.0
MOUNTAIN TRADER,Market,180890,,Gwangyang_South Korea,2026-03-06,1,Australia – China,Cargill_Committed,BHP,Iron Ore,Port Hedland_Australia,Lianyungang_China,160000,9.0,3.75,warranted,3633.0,3545.5,10.81,11.11,1.0,5.33,0,28.25,567.5,649.0,1236.9,43.8,730411.0,380000.0,1110411.0,1440000.0,54000.0,1386000.0,9754.0,,,False,2026-03-16,30.82,1251.4,639156.0,0.0,,2.57,0.48,2.1,0.0,1.0
MOUNTAIN TRADER,Market,180890,,Gwangyang_South Korea,2026-03-06,2,Brazil – China,Cargill_Committed,CSN,Iron Ore,Itaguaí_Brazil,Qingdao_China,180000,22.3,3.75,warranted,13947.0,11371.0,41.51,35.62,0.75,6.0,0,83.88,556.0,621.0,4287.1,154.3,2479400.0,165000.0,2644400.0,4014000.0,150525.0,3863475.0,14533.0,,,False,2026-04-16,86.51,4198.7,2101023.0,37115.0,,2.74,0.67,2.07,0.0,1.0
MOUNTAIN TRADER,Market,180890,,Gwangyang_South Korea,2026-03-06,3,Australia – China (Iron Ore),Market,Rio Tinto,Iron Ore,Dampier_Australia,Qingdao_China,170000,8.717,3.75,warranted,4753.3,3331.2,14.15,10.44,1.06,5.67,0,31.31,566.5,649.0,1375.9,49.2,811375.0,240000.0,1051375.0,1481890.0,55571.0,1426319.0,11974.0,,,False,2026-03-20,31.8,1439.5,733915.0,0.0,,0.48,0.48,0.0,0.0,0.0
MOUNTAIN TRADER,Market,180890,,Gwangyang_South Korea,2026-03-06,4,Brazil – China (Iron Ore),Market,Vale,Iron Ore,Ponta da Madeira_Brazil,Caofeidian_China,190000,21.903,3.75,warranted,12336.0,11049.5,36.71,34.62,1.58,6.33,0,79.25,556.0,621.0,3978.1,142.7,2300434.0,170000.0,2470434.0,4161570.0,156059.0,4005511.0,19371.0,,,True,2026-04-11,84.0,4242.2,2122819.0,0.0,,4.7,0.7,0.0,4.0,0.0
MOUNTAIN TRADER,Market,180890,,Gwangyang_South Korea,2026-03-06,5,South Africa – China (Iron Ore),Market,Anglo American,Iron Ore,Saldanha Bay_South Africa,Tianjin_China,180000,17.194,3.75,warranted,10335.0,8350.7,30.76,26.16,0.82,7.2,0,64.94,538.0,509.0,3172.4,113.8,1764713.0,180000.0,1944713.0,3094920.0,116060.0,2978860.0,15925.0,,,False,2026-04-05,65.52,3264.6,1580723.0,0.0,,0.61,0.61,0.0,0.0,1.0
MOUNTAIN TRADER,Market,180890,,Gwangyang_South Korea,2026-03-06,6,Indonesia – India (Coal),Market,Adaro,Thermal Coal,Taboneo_Indonesia,Krishnapatnam_India,150000,6.831,2.5,warranted,3114.1,2411.9,9.27,7.56,2.14,6.0,0,24.97,490.0,649.0,954.7,33.6,489644.0,90000.0,579644.0,1024650.0,25616.0,999034.0,16798.0,,,True,2026-03-15,52.52,991.2,437100.0,0.0,,27.57,0.57,0.0,27.0,0.0
MOUNTAIN TRADER,Market,180890,,Gwangyang_South Korea,2026-03-06,7,Canada – China (Coking Coal),Market,Teck Resources,Coking Coal,Vancouver_Canada,Fangcheng_China,160000,13.112,3.75,warranted,4560.9,6011.3,13.57,18.83,1.78,6.4,0,40.58,566.5,649.0,1837.1,64.8,1082763.0,290000.0,1372763.0,2097920.0,78672.0,2019248.0,15929.0,,,True,2026-03-19,43.27,1818.3,927085.0,0.0,,2.7,0.62,2.08,0.0,0.0
MOUNTAIN TRADER,Market,180890,,Gwangyang_South Korea,2026-03-06,8,West Africa – India (Bauxite),Market,Guinea Alumina Corp,Bauxite,Kamsar_Guinea,Mangalore_India,175000,15.51,2.5,warranted,10303.9,7385.4,30.67,23.14,2.92,3.5,0,60.22,475.0,621.0,2987.2,107.6,1485733.0,150000.0,1635733.0,2714250.0,67856.0,2646394.0,16783.0,,,True,2026-04-05,76.89,2913.1,1245342.0,0.0,,16.62,0.62,0.0,16.0,0.0
MOUNTAIN TRADER,Market,180890,,Gwangyang_South Korea,2026-03-06,9,Australia – South Korea (Iron Ore),Market,BHP,Iron Ore,Port Hedland_Australia,Gwangyang_South Korea,165000,8.962,3.75,warranted,3633.0,3633.0,10.81,11.38,1.03,5.5,0,28.73,566.5,649.0,1253.4,44.4,738882.0,230000.0,968882.0,1478730.0,55452.0,1423278.0,15819.0,,,True,2026-03-16,29.2,1238.6,631519.0,0.0,,0.48,0.48,0.0,0.0,0.0
MOUNTAIN TRADER,Market,180890,,Gwangyang_South Korea,2026-03-06,10,Brazil – Malaysia (Iron Ore),Market,Vale Malaysia,Iron Ore,Tubarao_Brazil,Teluk Rubiah_Malaysia,180000,22.96,3.75,warranted,13609.8,11654.8,40.51,36.51,0.75,7.2,0,84.97,481.0,621.0,4289.2,154.0,2158740.0,165000.0,2323740.0,4132800.0,154980.0,3977820.0,19467.0,,,False,2026-04-15,87.51,4545.4,1967715.0,0.0,,2.71,0.63,2.08,0.0,0.0
NAVIS PRIDE,Market,181400,,Mundra_India,2026-02-27,0,West Africa – China,Cargill_Committed,EGA,Bauxite,Kamsar_Guinea,Qingdao_China,180000,23.0,1.25,warranted,6844.9,11614.7,19.67,35.07,3.0,3.6,0,61.34,558.5,623.0,3260.5,98.5,1882349.0,0.0,1882349.0,4140000.0,51750.0,4088250.0,35963.0,,,True,2026-03-18,76.95,3410.5,1714284.0,0.0,,15.72,0.72,0.0,15.0,0.0
NAVIS PRIDE,Market,181400,,Mundra_India,2026-02-27,1,Australia – China,Cargill_Committed,BHP,Iron Ore,Port Hedland_Australia,Lianyungang_China,160000,9.0,3.75,warranted,5406.1,3545.5,15.53,10.71,1.0,5.33,0,32.57,567.5,649.0,1542.0,47.2,905718.0,380000.0,1285718.0,1440000.0,54000.0,1386000.0,3079.0,,,False,2026-03-14,35.19,1605.7,820114.0,0.0,,2.67,0.56,2.11,0.0,0.0
NAVIS PRIDE,Market,181400,,Mundra_India,2026-02-27,2,Brazil – China,Cargill_Committed,CSN,Iron Ore,Itaguaí_Brazil,Qingdao_China,180000,22.3,3.75,warranted,10034.1,11371.0,28.83,34.33,0.75,6.0,0,69.92,556.0,621.0,3729.2,113.7,2144052.0,165000.0,2309052.0,4014000.0,150525.0,3863475.0,22233.0,,,True,2026-03-27,82.64,4272.0,2137719.0,0.0,,12.73,0.73,0.0,12.0,0.0
NAVIS PRIDE,Market,181400,,Mundra_India,2026-02-27,3,Australia – China (Iron Ore),Market,Rio Tinto,Iron Ore,Dampier_Australia,Qingdao_China,170000,8.717,3.75,warranted,5310.2,3331.2,15.26,10.06,1.06,5.67,0,32.05,566.5,649.0,1488.2,45.6,872663.0,240000.0,1112663.0,1481890.0,55571.0,1426319.0,9788.0,,,True,2026-03-14,35.57,1536.1,783187.0,0.0,,3.54,0.54,0.0,3.0,0.0
NAVIS PRIDE,Market,181400,,Mundra_India,2026-02-27,4,Brazil – China (Iron Ore),Market,Vale,Iron Ore,Ponta da Madeira_Brazil,Caofeidian_China,190000,21.903,3.75,warranted,9496.2,11049.5,27.29,33.36,1.58,6.33,0,68.57,556.0,621.0,3587.0,109.2,2062145.0,170000.0,2232145.0,4161570.0,156059.0,4005511.0,25863.0,,,True,2026-03-26,85.45,3452.2,1727467.0,0.0,,16.91,0.79,2.12,14.0,0.0
NAVIS PRIDE,Market,181400,,Mundra_India,2026-02-27,5,South Africa – China (Iron Ore),Market,Anglo American,Iron Ore,Saldanha Bay_South Africa,Tianjin_China,180000,17.194,3.75,warranted,6264.9,8350.7,18.0,25.21,0.82,7.2,0,51.23,540.0,510.0,2570.2,77.8,1427591.0,180000.0,1607591.0,3094920.0,116060.0,2978860.0,26765.0,,,True,2026-03-17,51.95,2508.3,1219030.0,0.0,,0.7,0.7,0.0,0.0,0.0
NAVIS PRIDE,Market,181400,,Mundra_India,2026-02-27,6,Indonesia – India (Coal),Market,Adaro,Thermal Coal,Taboneo_Indonesia,Krishnapatnam_India,150000,6.831,2.5,warranted,3596.5,2411.9,10.33,7.28,2.14,6.0,0,25.76,490.0,649.0,1047.4,31.7,533804.0,90000.0,623804.0,1024650.0,25616.0,999034.0,14566.0,,,True,2026-03-09,60.41,1026.6,452746.0,0.0,,34.65,0.65,0.0,34.0,0.0
NAVIS PRIDE,Market,181400,,Mundra_India,2026-02-27,7,Canada – China (Coking Coal),Market,Teck Resources,Coking Coal,Vancouver_Canada,Fangcheng_China,160000,13.112,3.75,warranted,10028.6,6011.3,28.82,18.15,1.78,6.4,0,55.15,566.5,649.0,2745.5,84.5,1610191.0,290000.0,1900191.0,2097920.0,78672.0,2019248.0,2159.0,,,True,2026-03-27,60.11,2586.1,1318519.0,0.0,,4.9,0.78,2.12,2.0,0.0
NAVIS PRIDE,Market,181400,,Mundra_India,2026-02-27,8,West Africa – India (Bauxite),Market,Guinea Alumina Corp,Bauxite,Kamsar_Guinea,Mangalore_India,175000,15.51,2.5,warranted,6844.9,7385.4,19.67,22.3,2.92,3.5,0,48.38,476.0,623.0,2481.0,75.5,1227999.0,150000.0,1377999.0,2714250.0,67856.0,2646394.0,26215.0,,,True,2026-03-18,76.13,2668.4,1143127.0,0.0,,27.7,0.7,0.0,27.0,0.0
NAVIS PRIDE,Market,181400,,Mundra_India,2026-02-27,9,Australia – South Korea (Iron Ore),Market,BHP,Iron Ore,Port Hedland_Australia,Gwangyang_South Korea,165000,8.962,3.75,warranted,5406.1,3633.0,15.53,10.97,1.03,5.5,0,33.04,566.5,649.0,1558.7,47.7,913948.0,230000.0,1143948.0,1478730.0,55452.0,1423278.0,8455.0,,,True,2026-03-14,35.72,1572.6,801791.0,0.0,,2.66,0.55,2.11,0.0,0.0
NAVIS PRIDE,Market,181400,,Mundra_India,2026-02-27,10,Brazil – Malaysia (Iron Ore),Market,Vale Malaysia,Iron Ore,Tubarao_Brazil,Teluk Rubiah_Malaysia,180000,22.96,3.75,warranted,9704.3,11654.8,27.89,35.19,0.75,7.2,0,71.03,481.0,621.0,3732.0,113.5,1865616.0,165000.0,2030616.0,4132800.0,154980.0,3977820.0,27415.0,,,True,2026-03-26,79.94,3954.9,1712087.0,0.0,,8.91,0.72,4.2,4.0,0.0
AURORA SKY,Market,179880,,Jingtang_China,2026-03-04,0,West Africa – China,Cargill_Committed,EGA,Bauxite,Kamsar_Guinea,Qingdao_China,180000,23.0,1.25,warranted,12019.4,11614.7,35.52,36.12,3.0,3.6,0,78.23,556.0,621.0,3997.6,143.3,2311644.0,0.0,2311644.0,4140000.0,51750.0,4088250.0,22709.0,,,True,2026-04-08,83.94,4198.3,2100842.0,0.0,,5.64,0.64,0.0,5.0,0.0
AURORA SKY,Market,179880,,Jingtang_China,2026-03-04,1,Australia – China,Cargill_Committed,BHP,Iron Ore,Port Hedland_Australia,Lianyungang_China,160000,9.0,3.75,warranted,3584.6,3545.5,10.59,11.02,1.0,5.33,0,27.95,567.5,649.0,1220.5,43.2,720685.0,380000.0,1100685.0,1440000.0,54000.0,1386000.0,10208.0,,,False,2026-03-14,28.42,1206.9,616446.0,0.0,,0.48,0.48,0.0,0.0,1.0
AURORA SKY,Market,179880,,Jingtang_China,2026-03-04,2,Brazil – China,Cargill_Committed,CSN,Iron Ore,Itaguaí_Brazil,Qingdao_China,180000,22.3,3.75,warranted,11083.2,11371.0,32.75,35.36,0.75,6.0,0,74.86,556.0,621.0,3807.5,136.2,2201564.0,165000.0,2366564.0,4014000.0,150525.0,3863475.0,19996.0,,,True,2026-04-05,80.45,4018.0,2010585.0,0.0,,5.66,0.66,0.0,5.0,0.0
AURORA SKY,Market,179880,,Jingtang_China,2026-03-04,3,Australia – China (Iron Ore),Market,Rio Tinto,Iron Ore,Dampier_Australia,Qingdao_China,170000,8.717,3.75,warranted,3708.5,3331.2,10.96,10.36,1.06,5.67,0,28.05,566.5,649.0,1202.5,42.6,708867.0,240000.0,948867.0,1481890.0,55571.0,1426319.0,17024.0,,,True,2026-03-14,28.54,1276.3,650702.0,0.0,,0.48,0.48,0.0,0.0,0.0
AURORA SKY,Market,179880,,Jingtang_China,2026-03-04,4,Brazil – China (Iron Ore),Market,Vale,Iron Ore,Ponta da Madeira_Brazil,Caofeidian_China,190000,21.903,3.75,warranted,11483.2,11049.5,33.93,34.36,1.58,6.33,0,76.21,556.0,621.0,3815.8,136.6,2206395.0,170000.0,2376395.0,4161570.0,156059.0,4005511.0,21377.0,,,True,2026-04-06,86.04,4047.3,2025286.0,0.0,,9.82,0.69,2.13,7.0,0.0
AURORA SKY,Market,179880,,Jingtang_China,2026-03-04,5,South Africa – China (Iron Ore),Market,Anglo American,Iron Ore,Saldanha Bay_South Africa,Tianjin_China,180000,17.194,3.75,warranted,8123.9,8350.7,24.01,25.97,0.82,7.2,0,57.99,538.0,509.0,2803.3,99.9,1559023.0,180000.0,1739023.0,3094920.0,116060.0,2978860.0,21380.0,,,False,2026-03-28,58.56,2869.5,1389410.0,0.0,,0.6,0.6,0.0,0.0,1.0
AURORA SKY,Market,179880,,Jingtang_China,2026-03-04,6,Indonesia – India (Coal),Market,Adaro,Thermal Coal,Taboneo_Indonesia,Krishnapatnam_India,150000,6.831,2.5,warranted,3365.3,2411.9,9.94,7.5,2.14,6.0,0,25.59,490.0,649.0,987.3,34.9,506418.0,90000.0,596418.0,1024650.0,25616.0,999034.0,15735.0,,,True,2026-03-13,57.21,1017.5,448739.0,0.0,,31.67,0.56,2.11,29.0,0.0
AURORA SKY,Market,179880,,Jingtang_China,2026-03-04,7,Canada – China (Coking Coal),Market,Teck Resources,Coking Coal,Vancouver_Canada,Fangcheng_China,160000,13.112,3.75,warranted,5337.7,6011.3,15.77,18.69,1.78,6.4,0,42.64,566.5,649.0,1945.5,68.9,1146841.0,290000.0,1436841.0,2097920.0,78672.0,2019248.0,13658.0,,,True,2026-03-19,44.32,2036.3,1038228.0,0.0,,1.65,0.65,0.0,1.0,0.0
AURORA SKY,Market,179880,,Jingtang_China,2026-03-04,8,West Africa – India (Bauxite),Market,Guinea Alumina Corp,Bauxite,Kamsar_Guinea,Mangalore_India,175000,15.51,2.5,warranted,12019.4,7385.4,35.52,22.96,2.92,3.5,0,64.9,475.0,621.0,3234.3,117.0,1608928.0,150000.0,1758928.0,2714250.0,67856.0,2646394.0,13674.0,,,True,2026-04-08,82.53,3284.2,1403998.0,0.0,,17.62,0.62,0.0,17.0,0.0
AURORA SKY,Market,179880,,Jingtang_China,2026-03-04,9,Australia – South Korea (Iron Ore),Market,BHP,Iron Ore,Port Hedland_Australia,Gwangyang_South Korea,165000,8.962,3.75,warranted,3584.6,3633.0,10.59,11.3,1.03,5.5,0,28.42,566.5,649.0,1236.9,43.8,729103.0,230000.0,959103.0,1478730.0,55452.0,1423278.0,16332.0,,,True,2026-03-14,28.9,1252.6,638636.0,0.0,,0.48,0.48,0.0,0.0,0.0
AURORA SKY,Market,179880,,Jingtang_China,2026-03-04,10,Brazil – Malaysia (Iron Ore),Market,Vale Malaysia,Iron Ore,Tubarao_Brazil,Teluk Rubiah_Malaysia,180000,22.96,3.75,warranted,11650.3,11654.8,34.43,36.24,0.75,7.2,0,78.62,481.0,621.0,3951.2,141.3,1988316.0,165000.0,2153316.0,4132800.0,154980.0,3977820.0,23207.0,,,False,2026-04-07,79.3,3974.9,1720730.0,0.0,,0.64,0.64,0.0,0.0,0.0
ZENITH GLORY,Market,182500,,Vizag_India,2026-03-07,0,West Africa – China,Cargill_Committed,EGA,Bauxite,Kamsar_Guinea,Qingdao_China,180000,23.0,1.25,warranted,8455.2,11614.7,24.13,34.82,3.0,3.6,0,65.55,556.0,621.0,3507.6,112.0,2019781.0,0.0,2019781.0,4140000.0,51750.0,4088250.0,31557.0,,,True,2026-03-31,72.13,3491.6,1747209.0,0.0,,6.63,0.63,0.0,6.0,0.0
ZENITH GLORY,Market,182500,,Vizag_India,2026-03-07,1,Australia – China,Cargill_Committed,BHP,Iron Ore,Port Hedland_Australia,Lianyungang_China,160000,9.0,3.75,warranted,4327.0,3545.5,12.35,10.63,1.0,5.33,0,29.31,567.5,649.0,1365.7,43.7,803342.0,380000.0,1183342.0,1440000.0,54000.0,1386000.0,6914.0,,,False,2026-03-19,29.86,1499.5,765844.0,0.0,,0.48,0.48,0.0,0.0,1.0
ZENITH GLORY,Market,182500,,Vizag_India,2026-03-07,2,Brazil – China,Cargill_Committed,CSN,Iron Ore,Itaguaí_Brazil,Qingdao_China,180000,22.3,3.75,warranted,10956.1,11371.0,31.27,34.09,0.75,6.0,0,72.1,556.0,621.0,3866.8,124.2,2227027.0,165000.0,2392027.0,4014000.0,150525.0,3863475.0,20408.0,,,True,2026-04-07,79.89,4208.7,2106029.0,0.0,,7.81,0.64,4.17,3.0,0.0
ZENITH GLORY,Market,182500,,Vizag_India,2026-03-07,3,Australia – China (Iron Ore),Market,Rio Tinto,Iron Ore,Dampier_Australia,Qingdao_China,170000,8.717,3.75,warranted,4243.9,3331.2,12.11,9.99,1.06,5.67,0,28.83,566.5,649.0,1314.3,42.0,771794.0,240000.0,1011794.0,1481890.0,55571.0,1426319.0,14380.0,,,True,2026-03-19,31.41,1329.8,677974.0,0.0,,2.6,0.48,2.13,0.0,0.0
ZENITH GLORY,Market,182500,,Vizag_India,2026-03-07,4,Brazil – China (Iron Ore),Market,Vale,Iron Ore,Ponta da Madeira_Brazil,Caofeidian_China,190000,21.903,3.75,warranted,10615.0,11049.5,30.29,33.12,1.58,6.33,0,71.33,556.0,621.0,3756.6,120.5,2163487.0,170000.0,2333487.0,4161570.0,156059.0,4005511.0,23440.0,,,True,2026-04-06,79.05,3854.5,1928798.0,0.0,,7.78,0.68,2.1,5.0,0.0
ZENITH GLORY,Market,182500,,Vizag_India,2026-03-07,5,South Africa – China (Iron Ore),Market,Anglo American,Iron Ore,Saldanha Bay_South Africa,Tianjin_China,180000,17.194,3.75,warranted,6750.6,8350.7,19.27,25.03,0.82,7.2,0,52.32,538.0,509.0,2640.3,84.2,1463320.0,180000.0,1643320.0,3094920.0,116060.0,2978860.0,25529.0,,,False,2026-03-26,52.93,3016.1,1460382.0,0.0,,0.59,0.59,0.0,0.0,1.0
ZENITH GLORY,Market,182500,,Vizag_India,2026-03-07,6,Indonesia – India (Coal),Market,Adaro,Thermal Coal,Taboneo_Indonesia,Krishnapatnam_India,150000,6.831,2.5,warranted,2372.5,2411.9,6.77,7.23,2.14,6.0,0,22.14,490.0,649.0,848.8,26.6,433186.0,90000.0,523186.0,1024650.0,25616.0,999034.0,21489.0,,,True,2026-03-13,49.7,877.4,386948.0,0.0,,27.56,0.56,0.0,27.0,0.0
ZENITH GLORY,Market,182500,,Vizag_India,2026-03-07,7,Canada – China (Coking Coal),Market,Teck Resources,Coking Coal,Vancouver_Canada,Fangcheng_China,160000,13.112,3.75,warranted,8810.8,6011.3,25.14,18.02,1.78,6.4,0,51.34,564.0,642.0,2545.2,82.0,1488161.0,290000.0,1778161.0,2097920.0,78672.0,2019248.0,4696.0,,,False,2026-04-01,52.05,2502.7,1270372.0,0.0,,0.66,0.66,0.0,0.0,0.0
ZENITH GLORY,Market,182500,,Vizag_India,2026-03-07,8,West Africa – India (Bauxite),Market,Guinea Alumina Corp,Bauxite,Kamsar_Guinea,Mangalore_India,175000,15.51,2.5,warranted,8455.2,7385.4,24.13,22.14,2.92,3.5,0,52.69,475.0,621.0,2733.7,87.9,1353097.0,150000.0,1503097.0,2714250.0,67856.0,2646394.0,21700.0,,,True,2026-03-31,75.52,2852.1,1219285.0,0.0,,22.84,0.61,4.23,18.0,0.0
ZENITH GLORY,Market,182500,,Vizag_India,2026-03-07,9,Australia – South Korea (Iron Ore),Market,BHP,Iron Ore,Port Hedland_Australia,Gwangyang_South Korea,165000,8.962,3.75,warranted,4327.0,3633.0,12.35,10.89,1.03,5.5,0,29.77,566.5,649.0,1382.3,44.2,811709.0,230000.0,1041709.0,1478730.0,55452.0,1423278.0,12817.0,,,False,2026-03-19,30.23,1455.2,741937.0,0.0,,0.47,0.47,0.0,0.0,1.0
ZENITH GLORY,Market,182500,,Vizag_India,2026-03-07,10,Brazil – Malaysia (Iron Ore),Market,Vale Malaysia,Iron Ore,Tubarao_Brazil,Teluk Rubiah_Malaysia,180000,22.96,3.75,warranted,10654.0,11654.8,30.41,34.94,0.75,7.2,0,73.29,481.0,621.0,3873.7,124.1,1940333.0,165000.0,2105333.0,4132800.0,154980.0,3977820.0,25548.0,,,False,2026-04-06,76.07,4269.1,1848110.0,0.0,,2.74,0.64,2.1,0.0,0.0
TITAN LEGACY,Market,180650,,Jubail_Saudi Arabia,2026-03-01,0,West Africa – China,Cargill_Committed,EGA,Bauxite,Kamsar_Guinea,Qingdao_China,180000,23.0,1.25,warranted,5299.3,11614.7,15.55,35.85,3.0,3.6,0,58.0,558.5,623.0,2974.5,102.8,1725302.0,0.0,1725302.0,4140000.0,51750.0,4088250.0,40742.0,,,True,2026-03-16,72.59,3084.6,1550495.0,37386.0,,14.62,0.62,0.0,14.0,0.0
TITAN LEGACY,Market,180650,,Jubail_Saudi Arabia,2026-03-01,1,Australia – China,Cargill_Committed,BHP,Iron Ore,Port Hedland_Australia,Lianyungang_China,160000,9.0,3.75,warranted,6877.9,3545.5,20.18,10.94,1.0,5.33,0,37.46,567.5,649.0,1754.4,62.2,1036050.0,380000.0,1416050.0,1440000.0,54000.0,1386000.0,-802.0,,,False,2026-03-21,40.05,1869.1,954634.0,0.0,,2.59,0.49,2.1,0.0,1.0
TITAN LEGACY,Market,180650,,Jubail_Saudi Arabia,2026-03-01,2,Brazil – China,Cargill_Committed,CSN,Iron Ore,Itaguaí_Brazil,Qingdao_China,180000,22.3,3.75,warranted,8668.6,11371.0,25.44,35.1,0.75,6.0,0,67.28,556.0,621.0,3464.4,121.1,2001402.0,165000.0,2166402.0,4014000.0,150525.0,3863475.0,25223.0,,,True,2026-03-26,80.03,3580.7,1791789.0,0.0,,12.7,0.64,2.05,10.0,0.0
TITAN LEGACY,Market,180650,,Jubail_Saudi Arabia,2026-03-01,3,Australia – China (Iron Ore),Market,Rio Tinto,Iron Ore,Dampier_Australia,Qingdao_China,170000,8.717,3.75,warranted,6768.0,3331.2,19.86,10.28,1.06,5.67,0,36.87,566.5,649.0,1699.2,60.3,1001711.0,240000.0,1241711.0,1481890.0,55571.0,1426319.0,5007.0,,,False,2026-03-20,39.47,1698.7,866084.0,36945.0,,2.6,0.49,2.1,0.0,0.0
TITAN LEGACY,Market,180650,,Jubail_Saudi Arabia,2026-03-01,4,Brazil – China (Iron Ore),Market,Vale,Iron Ore,Ponta da Madeira_Brazil,Caofeidian_China,190000,21.903,3.75,warranted,7950.0,11049.5,23.33,34.1,1.58,6.33,0,65.35,556.0,621.0,3295.5,114.9,1903649.0,170000.0,2073649.0,4161570.0,156059.0,4005511.0,29563.0,,,True,2026-03-24,81.04,3457.5,1730120.0,0.0,,15.73,0.68,2.05,13.0,0.0
TITAN LEGACY,Market,180650,,Jubail_Saudi Arabia,2026-03-01,5,South Africa – China (Iron Ore),Market,Anglo American,Iron Ore,Saldanha Bay_South Africa,Tianjin_China,180000,17.194,3.75,warranted,5002.9,8350.7,14.68,25.77,0.82,7.2,0,48.47,540.0,510.0,2337.4,80.9,1303467.0,180000.0,1483467.0,3094920.0,116060.0,2978860.0,30851.0,,,True,2026-03-15,51.14,2319.6,1127309.0,0.0,,2.69,0.59,2.11,0.0,0.0
TITAN LEGACY,Market,180650,,Jubail_Saudi Arabia,2026-03-01,6,Indonesia – India (Coal),Market,Adaro,Thermal Coal,Taboneo_Indonesia,Krishnapatnam_India,150000,6.831,2.5,warranted,5920.5,2411.9,17.37,7.44,2.14,6.0,0,32.96,490.0,649.0,1401.7,49.6,719062.0,90000.0,809062.0,1024650.0,25616.0,999034.0,5764.0,,,True,2026-03-18,65.61,1347.1,594052.0,0.0,,32.68,0.58,2.1,30.0,0.0
TITAN LEGACY,Market,180650,,Jubail_Saudi Arabia,2026-03-01,7,Canada – China (Coking Coal),Market,Teck Resources,Coking Coal,Vancouver_Canada,Fangcheng_China,160000,13.112,3.75,warranted,8692.2,6011.3,25.51,18.55,1.78,6.4,0,52.24,566.5,649.0,2496.5,88.1,1471442.0,290000.0,1761442.0,2097920.0,78672.0,2019248.0,4935.0,,,True,2026-03-26,56.03,2512.8,1281136.0,0.0,,3.77,0.66,2.11,1.0,0.0
TITAN LEGACY,Market,180650,,Jubail_Saudi Arabia,2026-03-01,8,West Africa – India (Bauxite),Market,Guinea Alumina Corp,Bauxite,Kamsar_Guinea,Mangalore_India,175000,15.51,2.5,warranted,5299.3,7385.4,15.55,22.79,2.92,3.5,0,44.76,476.0,623.0,2203.8,76.7,1096786.0,150000.0,1246786.0,2714250.0,67856.0,2646394.0,31269.0,,,True,2026-03-16,71.31,2138.2,916002.0,0.0,,26.6,0.6,0.0,26.0,0.0
TITAN LEGACY,Market,180650,,Jubail_Saudi Arabia,2026-03-01,9,Australia – South Korea (Iron Ore),Market,BHP,Iron Ore,Port Hedland_Australia,Gwangyang_South Korea,165000,8.962,3.75,warranted,6877.9,3633.0,20.18,11.21,1.03,5.5,0,37.93,566.5,649.0,1771.0,62.8,1044007.0,230000.0,1274007.0,1478730.0,55452.0,1423278.0,3936.0,,,False,2026-03-21,40.5,1811.1,923370.0,0.0,,2.58,0.5,2.08,0.0,0.0
TITAN LEGACY,Market,180650,,Jubail_Saudi Arabia,2026-03-01,10,Brazil – Malaysia (Iron Ore),Market,Vale Malaysia,Iron Ore,Tubarao_Brazil,Teluk Rubiah_Malaysia,180000,22.96,3.75,warranted,8049.7,11654.8,23.62,35.97,0.75,7.2,0,67.54,481.0,621.0,3421.7,119.2,1719833.0,165000.0,1884833.0,4132800.0,154980.0,3977820.0,30988.0,,,True,2026-03-24,75.42,3320.3,1437369.0,0.0,,7.79,0.63,4.16,3.0,0.0
